{"extensionType":"field_faas","i18nMap":{"zh-CN":{"stockCode":"股票/基金代码","stockPrice":"价格/净值","stockName":"名称","lastTradeDate":"交易日期","placeholder":"请输入股票代码（如：sh000001、sz000001、hk00700、usAAPL）或基金代码（如：000311）"},"en-US":{"stockCode":"Stock/Fund Code","stockPrice":"Price/NAV","stockName":"Name","lastTradeDate":"Trade Date","placeholder":"Enter stock code (e.g. sh000001, sz000001, hk00700, usAAPL) or fund code (e.g. 000311)"},"ja-JP":{"stockCode":"株式/ファンドコード","stockPrice":"価格/基準価額","stockName":"名称","lastTradeDate":"取引日","placeholder":"株式コード（例：sh000001、sz000001、hk00700、usAAPL）またはファンドコード（例：000311）を入力してください"}},"fields":[{"fieldType":25,"uiSchema":{"fieldsConfigEditor":{"component":"OpenFieldMetaEditor","props":{"schema":{"items":[{"key":"stockCode","label":"${{stockCode}}","component":"Text","props":{"placeholder":"${{placeholder}}"},"validator":{"required":true}}]}}}},"presetFieldConfig":{"fieldProperty":{"propertyType":25,"icon":{"light":"https://lf3-static.bytednsdoc.com/obj/eden-cn/eqgeh7upeubqnulog/stock-icon.svg"},"properties":[{"key":"id","hidden":true,"propertyType":1,"title":"id"},{"key":"symbol","propertyType":1,"title":"${{stockCode}}"},{"key":"name","propertyType":1,"title":"${{stockName}}"},{"key":"primaryProperty","extra":{"formatter":"0.00"},"propertyType":2,"title":"${{stockPrice}}"},{"key":"date","propertyType":1,"title":"${{lastTradeDate}}"}]},"externalEditorConfig":{}},"disableAutoUpdate":false}]}