{"extensionType":"field_faas","i18nMap":{"zh-CN":{"stockCode":"股票/基金代码","stockPrice":"价格/净值","stockName":"名称","queryDate":"日期","priceDate":"价格日期","status":"状态","placeholder":"请输入股票代码（如：sh000001、sz000001、hk00700、usAAPL）或基金代码（如：000311）","datePlaceholder":"请输入日期（YYYY-MM-DD 或 YYYY/MM/DD），如：2024-01-15（仅用于定时自动化，不代表价格查询日期）"},"en-US":{"stockCode":"Stock/Fund Code","stockPrice":"Price/NAV","stockName":"Name","queryDate":"Date","priceDate":"Price Date","status":"Status","placeholder":"Enter stock code (e.g. sh000001, sz000001, hk00700, usAAPL) or fund code (e.g. 000311)","datePlaceholder":"Enter date (YYYY-MM-DD or YYYY/MM/DD), e.g. 2024-01-15 (for automation only, not query date)"}},"fields":[{"fieldType":25,"uiSchema":{"fieldsConfigEditor":{"component":"OpenFieldMetaEditor","props":{"schema":{"items":[{"key":"stockCode","label":"${{stockCode}}","component":"Text","props":{"placeholder":"${{placeholder}}"},"validator":{"required":true}},{"key":"queryDate","label":"${{queryDate}}","component":"Text","props":{"placeholder":"${{datePlaceholder}}"},"validator":{"required":true}}]}}}},"presetFieldConfig":{"fieldProperty":{"propertyType":25,"icon":{"light":"https://lf3-static.bytednsdoc.com/obj/eden-cn/eqgeh7upeubqnulog/stock-icon.svg"},"properties":[{"key":"id","hidden":true,"propertyType":1,"title":"id"},{"key":"primaryProperty","propertyType":1,"title":"${{status}}"},{"key":"symbol","propertyType":1,"title":"${{stockCode}}"},{"key":"name","propertyType":1,"title":"${{stockName}}"},{"key":"price","extra":{"formatter":"0.00"},"propertyType":2,"title":"${{stockPrice}}"},{"key":"date","propertyType":1,"title":"${{priceDate}}"}]},"externalEditorConfig":{}},"disableAutoUpdate":false}]}